<?xml version="1.0" encoding="UTF-8"?>
<root>
  <item name="androidx.camera.core.streamsharing.VirtualCamera int getChildTargetType(androidx.camera.core.UseCase)">
    <annotation name="androidx.annotation.IntDef">
      <val name="flag" val="true" />
      <val name="value" val="{androidx.camera.core.CameraEffect.PREVIEW, androidx.camera.core.CameraEffect.VIDEO_CAPTURE, androidx.camera.core.CameraEffect.IMAGE_CAPTURE}" />
    </annotation>
  </item>
  <item name="androidx.camera.core.streamsharing.VirtualCameraControl com.google.common.util.concurrent.ListenableFuture&lt;java.util.List&lt;java.lang.Void&gt;&gt; submitStillCaptureRequests(java.util.List&lt;androidx.camera.core.impl.CaptureConfig&gt;, int, int) 1">
    <annotation name="androidx.annotation.IntDef">
      <val name="value" val="{androidx.camera.core.ImageCapture.CAPTURE_MODE_MAXIMIZE_QUALITY, androidx.camera.core.ImageCapture.CAPTURE_MODE_MINIMIZE_LATENCY, androidx.camera.core.ImageCapture.CAPTURE_MODE_ZERO_SHUTTER_LAG}" />
    </annotation>
  </item>
  <item name="androidx.camera.core.streamsharing.VirtualCameraControl com.google.common.util.concurrent.ListenableFuture&lt;java.util.List&lt;java.lang.Void&gt;&gt; submitStillCaptureRequests(java.util.List&lt;androidx.camera.core.impl.CaptureConfig&gt;, int, int) 2">
    <annotation name="androidx.annotation.IntDef">
      <val name="value" val="{androidx.camera.core.ImageCapture.FLASH_TYPE_ONE_SHOT_FLASH, androidx.camera.core.ImageCapture.FLASH_TYPE_USE_TORCH_AS_FLASH}" />
    </annotation>
  </item>
</root>

