<?xml version="1.0" encoding="UTF-8"?>
<root>
  <item name="androidx.camera.core.processing.SurfaceEdge SurfaceEdge(int, int, androidx.camera.core.impl.StreamSpec, android.graphics.Matrix, boolean, android.graphics.Rect, int, int, boolean) 0">
    <annotation name="androidx.annotation.IntDef">
      <val name="flag" val="true" />
      <val name="value" val="{androidx.camera.core.CameraEffect.PREVIEW, androidx.camera.core.CameraEffect.VIDEO_CAPTURE, androidx.camera.core.CameraEffect.IMAGE_CAPTURE}" />
    </annotation>
  </item>
  <item name="androidx.camera.core.processing.SurfaceEdge SurfaceEdge(int, int, androidx.camera.core.impl.StreamSpec, android.graphics.Matrix, boolean, android.graphics.Rect, int, int, boolean) 1">
    <annotation name="androidx.annotation.IntDef">
      <val name="flag" val="true" />
      <val name="value" val="{androidx.camera.core.impl.ImageFormatConstants.INTERNAL_DEFINED_IMAGE_FORMAT_PRIVATE, android.graphics.ImageFormat.JPEG}" />
    </annotation>
  </item>
  <item name="androidx.camera.core.processing.SurfaceEdge SurfaceEdge(int, int, androidx.camera.core.impl.StreamSpec, android.graphics.Matrix, boolean, android.graphics.Rect, int, int, boolean) 7">
    <annotation name="androidx.annotation.IntDef">
      <val name="value" val="{androidx.camera.core.impl.ImageOutputConfig.ROTATION_NOT_SPECIFIED, android.view.Surface.ROTATION_0, android.view.Surface.ROTATION_90, android.view.Surface.ROTATION_180, android.view.Surface.ROTATION_270}" />
    </annotation>
  </item>
  <item name="androidx.camera.core.processing.SurfaceEdge com.google.common.util.concurrent.ListenableFuture&lt;androidx.camera.core.SurfaceOutput&gt; createSurfaceOutputFuture(android.util.Size, int, android.graphics.Rect, int, boolean, androidx.camera.core.impl.CameraInternal) 1">
    <annotation name="androidx.annotation.IntDef">
      <val name="flag" val="true" />
      <val name="value" val="{androidx.camera.core.impl.ImageFormatConstants.INTERNAL_DEFINED_IMAGE_FORMAT_PRIVATE, android.graphics.ImageFormat.JPEG}" />
    </annotation>
  </item>
  <item name="androidx.camera.core.processing.SurfaceEdge int getFormat()">
    <annotation name="androidx.annotation.IntDef">
      <val name="flag" val="true" />
      <val name="value" val="{androidx.camera.core.impl.ImageFormatConstants.INTERNAL_DEFINED_IMAGE_FORMAT_PRIVATE, android.graphics.ImageFormat.JPEG}" />
    </annotation>
  </item>
  <item name="androidx.camera.core.processing.SurfaceEdge int getTargets()">
    <annotation name="androidx.annotation.IntDef">
      <val name="flag" val="true" />
      <val name="value" val="{androidx.camera.core.CameraEffect.PREVIEW, androidx.camera.core.CameraEffect.VIDEO_CAPTURE, androidx.camera.core.CameraEffect.IMAGE_CAPTURE}" />
    </annotation>
  </item>
  <item name="androidx.camera.core.processing.SurfaceEdge mTargetRotation">
    <annotation name="androidx.annotation.IntDef">
      <val name="value" val="{androidx.camera.core.impl.ImageOutputConfig.ROTATION_NOT_SPECIFIED, android.view.Surface.ROTATION_0, android.view.Surface.ROTATION_90, android.view.Surface.ROTATION_180, android.view.Surface.ROTATION_270}" />
    </annotation>
  </item>
  <item name="androidx.camera.core.processing.SurfaceEdge mTargets">
    <annotation name="androidx.annotation.IntDef">
      <val name="flag" val="true" />
      <val name="value" val="{androidx.camera.core.CameraEffect.PREVIEW, androidx.camera.core.CameraEffect.VIDEO_CAPTURE, androidx.camera.core.CameraEffect.IMAGE_CAPTURE}" />
    </annotation>
  </item>
  <item name="androidx.camera.core.processing.SurfaceEdge void updateTransformation(int, int) 1">
    <annotation name="androidx.annotation.IntDef">
      <val name="value" val="{androidx.camera.core.impl.ImageOutputConfig.ROTATION_NOT_SPECIFIED, android.view.Surface.ROTATION_0, android.view.Surface.ROTATION_90, android.view.Surface.ROTATION_180, android.view.Surface.ROTATION_270}" />
    </annotation>
  </item>
  <item name="androidx.camera.core.processing.SurfaceEdge.SettableSurface SettableSurface(android.util.Size, int) 1">
    <annotation name="androidx.annotation.IntDef">
      <val name="flag" val="true" />
      <val name="value" val="{androidx.camera.core.impl.ImageFormatConstants.INTERNAL_DEFINED_IMAGE_FORMAT_PRIVATE, android.graphics.ImageFormat.JPEG}" />
    </annotation>
  </item>
  <item name="androidx.camera.core.processing.SurfaceOutputImpl SurfaceOutputImpl(android.view.Surface, int, int, android.util.Size, android.util.Size, android.graphics.Rect, int, boolean, androidx.camera.core.impl.CameraInternal, android.graphics.Matrix) 1">
    <annotation name="androidx.annotation.IntDef">
      <val name="flag" val="true" />
      <val name="value" val="{androidx.camera.core.CameraEffect.PREVIEW, androidx.camera.core.CameraEffect.VIDEO_CAPTURE, androidx.camera.core.CameraEffect.IMAGE_CAPTURE}" />
    </annotation>
  </item>
  <item name="androidx.camera.core.processing.SurfaceOutputImpl SurfaceOutputImpl(android.view.Surface, int, int, android.util.Size, android.util.Size, android.graphics.Rect, int, boolean, androidx.camera.core.impl.CameraInternal, android.graphics.Matrix) 2">
    <annotation name="androidx.annotation.IntDef">
      <val name="flag" val="true" />
      <val name="value" val="{androidx.camera.core.impl.ImageFormatConstants.INTERNAL_DEFINED_IMAGE_FORMAT_PRIVATE, android.graphics.ImageFormat.JPEG}" />
    </annotation>
  </item>
  <item name="androidx.camera.core.processing.SurfaceOutputImpl int getFormat()">
    <annotation name="androidx.annotation.IntDef">
      <val name="flag" val="true" />
      <val name="value" val="{androidx.camera.core.impl.ImageFormatConstants.INTERNAL_DEFINED_IMAGE_FORMAT_PRIVATE, android.graphics.ImageFormat.JPEG}" />
    </annotation>
  </item>
  <item name="androidx.camera.core.processing.SurfaceOutputImpl mFormat">
    <annotation name="androidx.annotation.IntDef">
      <val name="flag" val="true" />
      <val name="value" val="{androidx.camera.core.impl.ImageFormatConstants.INTERNAL_DEFINED_IMAGE_FORMAT_PRIVATE, android.graphics.ImageFormat.JPEG}" />
    </annotation>
  </item>
  <item name="androidx.camera.core.processing.SurfaceOutputImpl mTargets">
    <annotation name="androidx.annotation.IntDef">
      <val name="flag" val="true" />
      <val name="value" val="{androidx.camera.core.CameraEffect.PREVIEW, androidx.camera.core.CameraEffect.VIDEO_CAPTURE, androidx.camera.core.CameraEffect.IMAGE_CAPTURE}" />
    </annotation>
  </item>
  <item name="androidx.camera.core.processing.SurfaceProcessorNode.OutConfig androidx.camera.core.processing.SurfaceProcessorNode.OutConfig of(int, int, android.graphics.Rect, android.util.Size, int, boolean) 0">
    <annotation name="androidx.annotation.IntDef">
      <val name="flag" val="true" />
      <val name="value" val="{androidx.camera.core.CameraEffect.PREVIEW, androidx.camera.core.CameraEffect.VIDEO_CAPTURE, androidx.camera.core.CameraEffect.IMAGE_CAPTURE}" />
    </annotation>
  </item>
  <item name="androidx.camera.core.processing.SurfaceProcessorNode.OutConfig androidx.camera.core.processing.SurfaceProcessorNode.OutConfig of(int, int, android.graphics.Rect, android.util.Size, int, boolean) 1">
    <annotation name="androidx.annotation.IntDef">
      <val name="flag" val="true" />
      <val name="value" val="{androidx.camera.core.impl.ImageFormatConstants.INTERNAL_DEFINED_IMAGE_FORMAT_PRIVATE, android.graphics.ImageFormat.JPEG}" />
    </annotation>
  </item>
  <item name="androidx.camera.core.processing.SurfaceProcessorNode.OutConfig int getFormat()">
    <annotation name="androidx.annotation.IntDef">
      <val name="flag" val="true" />
      <val name="value" val="{androidx.camera.core.impl.ImageFormatConstants.INTERNAL_DEFINED_IMAGE_FORMAT_PRIVATE, android.graphics.ImageFormat.JPEG}" />
    </annotation>
  </item>
  <item name="androidx.camera.core.processing.SurfaceProcessorNode.OutConfig int getTargets()">
    <annotation name="androidx.annotation.IntDef">
      <val name="flag" val="true" />
      <val name="value" val="{androidx.camera.core.CameraEffect.PREVIEW, androidx.camera.core.CameraEffect.VIDEO_CAPTURE, androidx.camera.core.CameraEffect.IMAGE_CAPTURE}" />
    </annotation>
  </item>
</root>

