<?xml version="1.0" encoding="UTF-8"?>
<root>
  <item name="androidx.camera.core.internal.CameraUseCaseAdapter int getCameraMode()">
    <annotation name="androidx.annotation.IntDef">
      <val name="value" val="{androidx.camera.core.impl.CameraMode.DEFAULT, androidx.camera.core.impl.CameraMode.CONCURRENT_CAMERA, androidx.camera.core.impl.CameraMode.ULTRA_HIGH_RESOLUTION_CAMERA}" />
    </annotation>
  </item>
  <item name="androidx.camera.core.internal.CameraUseCaseAdapter int getSharingTargets(boolean)">
    <annotation name="androidx.annotation.IntDef">
      <val name="flag" val="true" />
      <val name="value" val="{androidx.camera.core.CameraEffect.PREVIEW, androidx.camera.core.CameraEffect.VIDEO_CAPTURE, androidx.camera.core.CameraEffect.IMAGE_CAPTURE}" />
    </annotation>
  </item>
  <item name="androidx.camera.core.internal.CameraUseCaseAdapter java.util.Map&lt;androidx.camera.core.UseCase,androidx.camera.core.impl.StreamSpec&gt; calculateSuggestedStreamSpecs(int, androidx.camera.core.impl.CameraInfoInternal, java.util.Collection&lt;androidx.camera.core.UseCase&gt;, java.util.Collection&lt;androidx.camera.core.UseCase&gt;, java.util.Map&lt;androidx.camera.core.UseCase,androidx.camera.core.internal.CameraUseCaseAdapter.ConfigPair&gt;) 0">
    <annotation name="androidx.annotation.IntDef">
      <val name="value" val="{androidx.camera.core.impl.CameraMode.DEFAULT, androidx.camera.core.impl.CameraMode.CONCURRENT_CAMERA, androidx.camera.core.impl.CameraMode.ULTRA_HIGH_RESOLUTION_CAMERA}" />
    </annotation>
  </item>
  <item name="androidx.camera.core.internal.SupportedOutputSizesSorter android.util.Rational getTargetAspectRatioRationalValue(int, boolean) 0">
    <annotation name="androidx.annotation.IntDef">
      <val name="value" val="{androidx.camera.core.AspectRatio.RATIO_DEFAULT, androidx.camera.core.AspectRatio.RATIO_4_3, androidx.camera.core.AspectRatio.RATIO_16_9}" />
    </annotation>
  </item>
  <item name="androidx.camera.core.internal.SupportedOutputSizesSorter java.util.List&lt;android.util.Size&gt; applyResolutionFilter(java.util.List&lt;android.util.Size&gt;, androidx.camera.core.resolutionselector.ResolutionFilter, int) 2">
    <annotation name="androidx.annotation.IntDef">
      <val name="value" val="{android.view.Surface.ROTATION_0, android.view.Surface.ROTATION_90, android.view.Surface.ROTATION_180, android.view.Surface.ROTATION_270}" />
    </annotation>
  </item>
  <item name="androidx.camera.core.internal.ViewPorts android.graphics.RectF getScaledRect(android.graphics.RectF, android.util.Rational, int, boolean, int, int) 2">
    <annotation name="androidx.annotation.IntDef">
      <val name="value" val="{androidx.camera.core.ViewPort.FILL_START, androidx.camera.core.ViewPort.FILL_CENTER, androidx.camera.core.ViewPort.FILL_END, androidx.camera.core.ViewPort.FIT}" />
    </annotation>
  </item>
  <item name="androidx.camera.core.internal.ViewPorts android.graphics.RectF getScaledRect(android.graphics.RectF, android.util.Rational, int, boolean, int, int) 4">
    <annotation name="androidx.annotation.IntDef">
      <val name="value" val="{android.util.LayoutDirection.LTR, android.util.LayoutDirection.RTL}" />
    </annotation>
  </item>
  <item name="androidx.camera.core.internal.ViewPorts boolean shouldMirrorStartAndEnd(boolean, int) 1">
    <annotation name="androidx.annotation.IntDef">
      <val name="value" val="{android.util.LayoutDirection.LTR, android.util.LayoutDirection.RTL}" />
    </annotation>
  </item>
  <item name="androidx.camera.core.internal.ViewPorts java.util.Map&lt;androidx.camera.core.UseCase,android.graphics.Rect&gt; calculateViewPortRects(android.graphics.Rect, boolean, android.util.Rational, int, int, int, java.util.Map&lt;androidx.camera.core.UseCase,androidx.camera.core.impl.StreamSpec&gt;) 4">
    <annotation name="androidx.annotation.IntDef">
      <val name="value" val="{androidx.camera.core.ViewPort.FILL_START, androidx.camera.core.ViewPort.FILL_CENTER, androidx.camera.core.ViewPort.FILL_END, androidx.camera.core.ViewPort.FIT}" />
    </annotation>
  </item>
  <item name="androidx.camera.core.internal.ViewPorts java.util.Map&lt;androidx.camera.core.UseCase,android.graphics.Rect&gt; calculateViewPortRects(android.graphics.Rect, boolean, android.util.Rational, int, int, int, java.util.Map&lt;androidx.camera.core.UseCase,androidx.camera.core.impl.StreamSpec&gt;) 5">
    <annotation name="androidx.annotation.IntDef">
      <val name="value" val="{android.util.LayoutDirection.LTR, android.util.LayoutDirection.RTL}" />
    </annotation>
  </item>
</root>

