<?xml version="1.0" encoding="UTF-8"?>
<root>
  <item name="androidx.camera.camera2.internal.SupportedSurfaceCombination int getRequiredMaxBitDepth(java.util.Map&lt;androidx.camera.core.impl.UseCaseConfig&lt;?&gt;,androidx.camera.core.DynamicRange&gt;)">
    <annotation name="androidx.annotation.IntDef">
      <val name="value" val="{androidx.camera.core.DynamicRange.BIT_DEPTH_8_BIT, androidx.camera.core.DynamicRange.BIT_DEPTH_10_BIT}" />
    </annotation>
  </item>
  <item name="androidx.camera.camera2.internal.SupportedSurfaceCombination.FeatureSettings androidx.camera.camera2.internal.SupportedSurfaceCombination.FeatureSettings of(int, int) 1">
    <annotation name="androidx.annotation.IntDef">
      <val name="value" val="{androidx.camera.core.DynamicRange.BIT_DEPTH_8_BIT, androidx.camera.core.DynamicRange.BIT_DEPTH_10_BIT}" />
    </annotation>
  </item>
  <item name="androidx.camera.camera2.internal.SupportedSurfaceCombination.FeatureSettings int getRequiredMaxBitDepth()">
    <annotation name="androidx.annotation.IntDef">
      <val name="value" val="{androidx.camera.core.DynamicRange.BIT_DEPTH_8_BIT, androidx.camera.core.DynamicRange.BIT_DEPTH_10_BIT}" />
    </annotation>
  </item>
</root>

