<?xml version="1.0" encoding="UTF-8"?>
<root>
  <item name="androidx.camera.core.AspectRatio.Ratio">
    <annotation name="androidx.annotation.IntDef">
      <val name="value" val="{androidx.camera.core.AspectRatio.RATIO_DEFAULT, androidx.camera.core.AspectRatio.RATIO_4_3, androidx.camera.core.AspectRatio.RATIO_16_9}" />
    </annotation>
  </item>
  <item name="androidx.camera.core.CameraEffect CameraEffect(int, java.util.concurrent.Executor, androidx.camera.core.ImageProcessor, androidx.core.util.Consumer&lt;java.lang.Throwable&gt;) 0">
    <annotation name="androidx.annotation.IntDef">
      <val name="flag" val="true" />
      <val name="value" val="{androidx.camera.core.CameraEffect.PREVIEW, androidx.camera.core.CameraEffect.VIDEO_CAPTURE, androidx.camera.core.CameraEffect.IMAGE_CAPTURE}" />
    </annotation>
  </item>
  <item name="androidx.camera.core.CameraEffect CameraEffect(int, java.util.concurrent.Executor, androidx.camera.core.SurfaceProcessor, androidx.core.util.Consumer&lt;java.lang.Throwable&gt;) 0">
    <annotation name="androidx.annotation.IntDef">
      <val name="flag" val="true" />
      <val name="value" val="{androidx.camera.core.CameraEffect.PREVIEW, androidx.camera.core.CameraEffect.VIDEO_CAPTURE, androidx.camera.core.CameraEffect.IMAGE_CAPTURE}" />
    </annotation>
  </item>
  <item name="androidx.camera.core.CameraEffect int getTargets()">
    <annotation name="androidx.annotation.IntDef">
      <val name="flag" val="true" />
      <val name="value" val="{androidx.camera.core.CameraEffect.PREVIEW, androidx.camera.core.CameraEffect.VIDEO_CAPTURE, androidx.camera.core.CameraEffect.IMAGE_CAPTURE}" />
    </annotation>
  </item>
  <item name="androidx.camera.core.CameraEffect mTargets">
    <annotation name="androidx.annotation.IntDef">
      <val name="flag" val="true" />
      <val name="value" val="{androidx.camera.core.CameraEffect.PREVIEW, androidx.camera.core.CameraEffect.VIDEO_CAPTURE, androidx.camera.core.CameraEffect.IMAGE_CAPTURE}" />
    </annotation>
  </item>
  <item name="androidx.camera.core.CameraEffect.Formats">
    <annotation name="androidx.annotation.IntDef">
      <val name="flag" val="true" />
      <val name="value" val="{androidx.camera.core.impl.ImageFormatConstants.INTERNAL_DEFINED_IMAGE_FORMAT_PRIVATE, android.graphics.ImageFormat.JPEG}" />
    </annotation>
  </item>
  <item name="androidx.camera.core.CameraEffect.Targets">
    <annotation name="androidx.annotation.IntDef">
      <val name="flag" val="true" />
      <val name="value" val="{androidx.camera.core.CameraEffect.PREVIEW, androidx.camera.core.CameraEffect.VIDEO_CAPTURE, androidx.camera.core.CameraEffect.IMAGE_CAPTURE}" />
    </annotation>
  </item>
  <item name="androidx.camera.core.CameraInfo int getLensFacing()">
    <annotation name="androidx.annotation.IntDef">
      <val name="value" val="{androidx.camera.core.CameraSelector.LENS_FACING_UNKNOWN, androidx.camera.core.CameraSelector.LENS_FACING_FRONT, androidx.camera.core.CameraSelector.LENS_FACING_BACK, androidx.camera.core.CameraSelector.LENS_FACING_EXTERNAL}" />
    </annotation>
  </item>
  <item name="androidx.camera.core.CameraInfo int getSensorRotationDegrees(int) 0">
    <annotation name="androidx.annotation.IntDef">
      <val name="value" val="{android.view.Surface.ROTATION_0, android.view.Surface.ROTATION_90, android.view.Surface.ROTATION_180, android.view.Surface.ROTATION_270}" />
    </annotation>
  </item>
  <item name="androidx.camera.core.CameraInfo java.lang.String getImplementationType()">
    <annotation name="androidx.annotation.StringDef">
      <val name="open" val="true" />
      <val name="value" val="{androidx.camera.core.CameraInfo.IMPLEMENTATION_TYPE_UNKNOWN, androidx.camera.core.CameraInfo.IMPLEMENTATION_TYPE_CAMERA2_LEGACY, androidx.camera.core.CameraInfo.IMPLEMENTATION_TYPE_CAMERA2, androidx.camera.core.CameraInfo.IMPLEMENTATION_TYPE_FAKE}" />
    </annotation>
  </item>
  <item name="androidx.camera.core.CameraInfo.ImplementationType">
    <annotation name="androidx.annotation.StringDef">
      <val name="open" val="true" />
      <val name="value" val="{androidx.camera.core.CameraInfo.IMPLEMENTATION_TYPE_UNKNOWN, androidx.camera.core.CameraInfo.IMPLEMENTATION_TYPE_CAMERA2_LEGACY, androidx.camera.core.CameraInfo.IMPLEMENTATION_TYPE_CAMERA2, androidx.camera.core.CameraInfo.IMPLEMENTATION_TYPE_FAKE}" />
    </annotation>
  </item>
  <item name="androidx.camera.core.CameraSelector.Builder androidx.camera.core.CameraSelector.Builder requireLensFacing(int) 0">
    <annotation name="androidx.annotation.IntDef">
      <val name="value" val="{androidx.camera.core.CameraSelector.LENS_FACING_UNKNOWN, androidx.camera.core.CameraSelector.LENS_FACING_FRONT, androidx.camera.core.CameraSelector.LENS_FACING_BACK, androidx.camera.core.CameraSelector.LENS_FACING_EXTERNAL}" />
    </annotation>
  </item>
  <item name="androidx.camera.core.CameraSelector.LensFacing">
    <annotation name="androidx.annotation.IntDef">
      <val name="value" val="{androidx.camera.core.CameraSelector.LENS_FACING_UNKNOWN, androidx.camera.core.CameraSelector.LENS_FACING_FRONT, androidx.camera.core.CameraSelector.LENS_FACING_BACK, androidx.camera.core.CameraSelector.LENS_FACING_EXTERNAL}" />
    </annotation>
  </item>
  <item name="androidx.camera.core.CameraState.StateError androidx.camera.core.CameraState.StateError create(int) 0">
    <annotation name="androidx.annotation.IntDef">
      <val name="value" val="{androidx.camera.core.CameraState.ERROR_CAMERA_IN_USE, androidx.camera.core.CameraState.ERROR_MAX_CAMERAS_IN_USE, androidx.camera.core.CameraState.ERROR_OTHER_RECOVERABLE_ERROR, androidx.camera.core.CameraState.ERROR_STREAM_CONFIG, androidx.camera.core.CameraState.ERROR_CAMERA_DISABLED, androidx.camera.core.CameraState.ERROR_CAMERA_FATAL_ERROR, androidx.camera.core.CameraState.ERROR_DO_NOT_DISTURB_MODE_ENABLED}" />
    </annotation>
  </item>
  <item name="androidx.camera.core.CameraState.StateError androidx.camera.core.CameraState.StateError create(int, java.lang.Throwable) 0">
    <annotation name="androidx.annotation.IntDef">
      <val name="value" val="{androidx.camera.core.CameraState.ERROR_CAMERA_IN_USE, androidx.camera.core.CameraState.ERROR_MAX_CAMERAS_IN_USE, androidx.camera.core.CameraState.ERROR_OTHER_RECOVERABLE_ERROR, androidx.camera.core.CameraState.ERROR_STREAM_CONFIG, androidx.camera.core.CameraState.ERROR_CAMERA_DISABLED, androidx.camera.core.CameraState.ERROR_CAMERA_FATAL_ERROR, androidx.camera.core.CameraState.ERROR_DO_NOT_DISTURB_MODE_ENABLED}" />
    </annotation>
  </item>
  <item name="androidx.camera.core.CameraState.StateError int getCode()">
    <annotation name="androidx.annotation.IntDef">
      <val name="value" val="{androidx.camera.core.CameraState.ERROR_CAMERA_IN_USE, androidx.camera.core.CameraState.ERROR_MAX_CAMERAS_IN_USE, androidx.camera.core.CameraState.ERROR_OTHER_RECOVERABLE_ERROR, androidx.camera.core.CameraState.ERROR_STREAM_CONFIG, androidx.camera.core.CameraState.ERROR_CAMERA_DISABLED, androidx.camera.core.CameraState.ERROR_CAMERA_FATAL_ERROR, androidx.camera.core.CameraState.ERROR_DO_NOT_DISTURB_MODE_ENABLED}" />
    </annotation>
  </item>
  <item name="androidx.camera.core.CameraUnavailableException CameraUnavailableException(int) 0">
    <annotation name="androidx.annotation.IntDef">
      <val name="value" val="{androidx.camera.core.CameraUnavailableException.CAMERA_UNKNOWN_ERROR, androidx.camera.core.CameraUnavailableException.CAMERA_DISABLED, androidx.camera.core.CameraUnavailableException.CAMERA_DISCONNECTED, androidx.camera.core.CameraUnavailableException.CAMERA_ERROR, androidx.camera.core.CameraUnavailableException.CAMERA_IN_USE, androidx.camera.core.CameraUnavailableException.CAMERA_MAX_IN_USE, androidx.camera.core.CameraUnavailableException.CAMERA_UNAVAILABLE_DO_NOT_DISTURB}" />
    </annotation>
  </item>
  <item name="androidx.camera.core.CameraUnavailableException CameraUnavailableException(int, java.lang.String) 0">
    <annotation name="androidx.annotation.IntDef">
      <val name="value" val="{androidx.camera.core.CameraUnavailableException.CAMERA_UNKNOWN_ERROR, androidx.camera.core.CameraUnavailableException.CAMERA_DISABLED, androidx.camera.core.CameraUnavailableException.CAMERA_DISCONNECTED, androidx.camera.core.CameraUnavailableException.CAMERA_ERROR, androidx.camera.core.CameraUnavailableException.CAMERA_IN_USE, androidx.camera.core.CameraUnavailableException.CAMERA_MAX_IN_USE, androidx.camera.core.CameraUnavailableException.CAMERA_UNAVAILABLE_DO_NOT_DISTURB}" />
    </annotation>
  </item>
  <item name="androidx.camera.core.CameraUnavailableException CameraUnavailableException(int, java.lang.String, java.lang.Throwable) 0">
    <annotation name="androidx.annotation.IntDef">
      <val name="value" val="{androidx.camera.core.CameraUnavailableException.CAMERA_UNKNOWN_ERROR, androidx.camera.core.CameraUnavailableException.CAMERA_DISABLED, androidx.camera.core.CameraUnavailableException.CAMERA_DISCONNECTED, androidx.camera.core.CameraUnavailableException.CAMERA_ERROR, androidx.camera.core.CameraUnavailableException.CAMERA_IN_USE, androidx.camera.core.CameraUnavailableException.CAMERA_MAX_IN_USE, androidx.camera.core.CameraUnavailableException.CAMERA_UNAVAILABLE_DO_NOT_DISTURB}" />
    </annotation>
  </item>
  <item name="androidx.camera.core.CameraUnavailableException CameraUnavailableException(int, java.lang.Throwable) 0">
    <annotation name="androidx.annotation.IntDef">
      <val name="value" val="{androidx.camera.core.CameraUnavailableException.CAMERA_UNKNOWN_ERROR, androidx.camera.core.CameraUnavailableException.CAMERA_DISABLED, androidx.camera.core.CameraUnavailableException.CAMERA_DISCONNECTED, androidx.camera.core.CameraUnavailableException.CAMERA_ERROR, androidx.camera.core.CameraUnavailableException.CAMERA_IN_USE, androidx.camera.core.CameraUnavailableException.CAMERA_MAX_IN_USE, androidx.camera.core.CameraUnavailableException.CAMERA_UNAVAILABLE_DO_NOT_DISTURB}" />
    </annotation>
  </item>
  <item name="androidx.camera.core.CameraUnavailableException int getReason()">
    <annotation name="androidx.annotation.IntDef">
      <val name="value" val="{androidx.camera.core.CameraUnavailableException.CAMERA_UNKNOWN_ERROR, androidx.camera.core.CameraUnavailableException.CAMERA_DISABLED, androidx.camera.core.CameraUnavailableException.CAMERA_DISCONNECTED, androidx.camera.core.CameraUnavailableException.CAMERA_ERROR, androidx.camera.core.CameraUnavailableException.CAMERA_IN_USE, androidx.camera.core.CameraUnavailableException.CAMERA_MAX_IN_USE, androidx.camera.core.CameraUnavailableException.CAMERA_UNAVAILABLE_DO_NOT_DISTURB}" />
    </annotation>
  </item>
  <item name="androidx.camera.core.CameraUnavailableException.Reason">
    <annotation name="androidx.annotation.IntDef">
      <val name="value" val="{androidx.camera.core.CameraUnavailableException.CAMERA_UNKNOWN_ERROR, androidx.camera.core.CameraUnavailableException.CAMERA_DISABLED, androidx.camera.core.CameraUnavailableException.CAMERA_DISCONNECTED, androidx.camera.core.CameraUnavailableException.CAMERA_ERROR, androidx.camera.core.CameraUnavailableException.CAMERA_IN_USE, androidx.camera.core.CameraUnavailableException.CAMERA_MAX_IN_USE, androidx.camera.core.CameraUnavailableException.CAMERA_UNAVAILABLE_DO_NOT_DISTURB}" />
    </annotation>
  </item>
  <item name="androidx.camera.core.DynamicRange DynamicRange(int, int) 0">
    <annotation name="androidx.annotation.IntDef">
      <val name="value" val="{androidx.camera.core.DynamicRange.ENCODING_UNSPECIFIED, androidx.camera.core.DynamicRange.ENCODING_SDR, androidx.camera.core.DynamicRange.ENCODING_HDR_UNSPECIFIED, androidx.camera.core.DynamicRange.ENCODING_HLG, androidx.camera.core.DynamicRange.ENCODING_HDR10, androidx.camera.core.DynamicRange.ENCODING_HDR10_PLUS, androidx.camera.core.DynamicRange.ENCODING_DOLBY_VISION}" />
    </annotation>
  </item>
  <item name="androidx.camera.core.DynamicRange DynamicRange(int, int) 1">
    <annotation name="androidx.annotation.IntDef">
      <val name="value" val="{androidx.camera.core.DynamicRange.BIT_DEPTH_UNSPECIFIED, androidx.camera.core.DynamicRange.BIT_DEPTH_8_BIT, androidx.camera.core.DynamicRange.BIT_DEPTH_10_BIT}" />
    </annotation>
  </item>
  <item name="androidx.camera.core.DynamicRange int getBitDepth()">
    <annotation name="androidx.annotation.IntDef">
      <val name="value" val="{androidx.camera.core.DynamicRange.BIT_DEPTH_UNSPECIFIED, androidx.camera.core.DynamicRange.BIT_DEPTH_8_BIT, androidx.camera.core.DynamicRange.BIT_DEPTH_10_BIT}" />
    </annotation>
  </item>
  <item name="androidx.camera.core.DynamicRange int getEncoding()">
    <annotation name="androidx.annotation.IntDef">
      <val name="value" val="{androidx.camera.core.DynamicRange.ENCODING_UNSPECIFIED, androidx.camera.core.DynamicRange.ENCODING_SDR, androidx.camera.core.DynamicRange.ENCODING_HDR_UNSPECIFIED, androidx.camera.core.DynamicRange.ENCODING_HLG, androidx.camera.core.DynamicRange.ENCODING_HDR10, androidx.camera.core.DynamicRange.ENCODING_HDR10_PLUS, androidx.camera.core.DynamicRange.ENCODING_DOLBY_VISION}" />
    </annotation>
  </item>
  <item name="androidx.camera.core.DynamicRange java.lang.String getEncodingLabel(int) 0">
    <annotation name="androidx.annotation.IntDef">
      <val name="value" val="{androidx.camera.core.DynamicRange.ENCODING_UNSPECIFIED, androidx.camera.core.DynamicRange.ENCODING_SDR, androidx.camera.core.DynamicRange.ENCODING_HDR_UNSPECIFIED, androidx.camera.core.DynamicRange.ENCODING_HLG, androidx.camera.core.DynamicRange.ENCODING_HDR10, androidx.camera.core.DynamicRange.ENCODING_HDR10_PLUS, androidx.camera.core.DynamicRange.ENCODING_DOLBY_VISION}" />
    </annotation>
  </item>
  <item name="androidx.camera.core.DynamicRange mBitDepth">
    <annotation name="androidx.annotation.IntDef">
      <val name="value" val="{androidx.camera.core.DynamicRange.BIT_DEPTH_UNSPECIFIED, androidx.camera.core.DynamicRange.BIT_DEPTH_8_BIT, androidx.camera.core.DynamicRange.BIT_DEPTH_10_BIT}" />
    </annotation>
  </item>
  <item name="androidx.camera.core.DynamicRange mEncoding">
    <annotation name="androidx.annotation.IntDef">
      <val name="value" val="{androidx.camera.core.DynamicRange.ENCODING_UNSPECIFIED, androidx.camera.core.DynamicRange.ENCODING_SDR, androidx.camera.core.DynamicRange.ENCODING_HDR_UNSPECIFIED, androidx.camera.core.DynamicRange.ENCODING_HLG, androidx.camera.core.DynamicRange.ENCODING_HDR10, androidx.camera.core.DynamicRange.ENCODING_HDR10_PLUS, androidx.camera.core.DynamicRange.ENCODING_DOLBY_VISION}" />
    </annotation>
  </item>
  <item name="androidx.camera.core.DynamicRange.BitDepth">
    <annotation name="androidx.annotation.IntDef">
      <val name="value" val="{androidx.camera.core.DynamicRange.BIT_DEPTH_UNSPECIFIED, androidx.camera.core.DynamicRange.BIT_DEPTH_8_BIT, androidx.camera.core.DynamicRange.BIT_DEPTH_10_BIT}" />
    </annotation>
  </item>
  <item name="androidx.camera.core.DynamicRange.DynamicRangeEncoding">
    <annotation name="androidx.annotation.IntDef">
      <val name="value" val="{androidx.camera.core.DynamicRange.ENCODING_UNSPECIFIED, androidx.camera.core.DynamicRange.ENCODING_SDR, androidx.camera.core.DynamicRange.ENCODING_HDR_UNSPECIFIED, androidx.camera.core.DynamicRange.ENCODING_HLG, androidx.camera.core.DynamicRange.ENCODING_HDR10, androidx.camera.core.DynamicRange.ENCODING_HDR10_PLUS, androidx.camera.core.DynamicRange.ENCODING_DOLBY_VISION}" />
    </annotation>
  </item>
  <item name="androidx.camera.core.FocusMeteringAction DEFAULT_METERING_MODE">
    <annotation name="androidx.annotation.IntDef">
      <val name="flag" val="true" />
      <val name="value" val="{androidx.camera.core.FocusMeteringAction.FLAG_AF, androidx.camera.core.FocusMeteringAction.FLAG_AE, androidx.camera.core.FocusMeteringAction.FLAG_AWB}" />
    </annotation>
  </item>
  <item name="androidx.camera.core.FocusMeteringAction.Builder Builder(androidx.camera.core.MeteringPoint, int) 1">
    <annotation name="androidx.annotation.IntDef">
      <val name="flag" val="true" />
      <val name="value" val="{androidx.camera.core.FocusMeteringAction.FLAG_AF, androidx.camera.core.FocusMeteringAction.FLAG_AE, androidx.camera.core.FocusMeteringAction.FLAG_AWB}" />
    </annotation>
  </item>
  <item name="androidx.camera.core.FocusMeteringAction.Builder androidx.camera.core.FocusMeteringAction.Builder addPoint(androidx.camera.core.MeteringPoint, int) 1">
    <annotation name="androidx.annotation.IntDef">
      <val name="flag" val="true" />
      <val name="value" val="{androidx.camera.core.FocusMeteringAction.FLAG_AF, androidx.camera.core.FocusMeteringAction.FLAG_AE, androidx.camera.core.FocusMeteringAction.FLAG_AWB}" />
    </annotation>
  </item>
  <item name="androidx.camera.core.FocusMeteringAction.Builder androidx.camera.core.FocusMeteringAction.Builder removePoints(int) 0">
    <annotation name="androidx.annotation.IntDef">
      <val name="flag" val="true" />
      <val name="value" val="{androidx.camera.core.FocusMeteringAction.FLAG_AF, androidx.camera.core.FocusMeteringAction.FLAG_AE, androidx.camera.core.FocusMeteringAction.FLAG_AWB}" />
    </annotation>
  </item>
  <item name="androidx.camera.core.FocusMeteringAction.MeteringMode">
    <annotation name="androidx.annotation.IntDef">
      <val name="flag" val="true" />
      <val name="value" val="{androidx.camera.core.FocusMeteringAction.FLAG_AF, androidx.camera.core.FocusMeteringAction.FLAG_AE, androidx.camera.core.FocusMeteringAction.FLAG_AWB}" />
    </annotation>
  </item>
  <item name="androidx.camera.core.ImageAnalysis DEFAULT_BACKPRESSURE_STRATEGY">
    <annotation name="androidx.annotation.IntDef">
      <val name="value" val="{androidx.camera.core.ImageAnalysis.STRATEGY_KEEP_ONLY_LATEST, androidx.camera.core.ImageAnalysis.STRATEGY_BLOCK_PRODUCER}" />
    </annotation>
  </item>
  <item name="androidx.camera.core.ImageAnalysis int getBackpressureStrategy()">
    <annotation name="androidx.annotation.IntDef">
      <val name="value" val="{androidx.camera.core.ImageAnalysis.STRATEGY_KEEP_ONLY_LATEST, androidx.camera.core.ImageAnalysis.STRATEGY_BLOCK_PRODUCER}" />
    </annotation>
  </item>
  <item name="androidx.camera.core.ImageAnalysis int getOutputImageFormat()">
    <annotation name="androidx.annotation.IntDef">
      <val name="value" val="{androidx.camera.core.ImageAnalysis.OUTPUT_IMAGE_FORMAT_YUV_420_888, androidx.camera.core.ImageAnalysis.OUTPUT_IMAGE_FORMAT_RGBA_8888}" />
    </annotation>
  </item>
  <item name="androidx.camera.core.ImageAnalysis int getTargetRotation()">
    <annotation name="androidx.annotation.IntDef">
      <val name="value" val="{android.view.Surface.ROTATION_0, android.view.Surface.ROTATION_90, android.view.Surface.ROTATION_180, android.view.Surface.ROTATION_270}" />
    </annotation>
  </item>
  <item name="androidx.camera.core.ImageAnalysis void setTargetRotation(int) 0">
    <annotation name="androidx.annotation.IntDef">
      <val name="value" val="{android.view.Surface.ROTATION_0, android.view.Surface.ROTATION_90, android.view.Surface.ROTATION_180, android.view.Surface.ROTATION_270}" />
    </annotation>
  </item>
  <item name="androidx.camera.core.ImageAnalysis.BackpressureStrategy">
    <annotation name="androidx.annotation.IntDef">
      <val name="value" val="{androidx.camera.core.ImageAnalysis.STRATEGY_KEEP_ONLY_LATEST, androidx.camera.core.ImageAnalysis.STRATEGY_BLOCK_PRODUCER}" />
    </annotation>
  </item>
  <item name="androidx.camera.core.ImageAnalysis.Builder androidx.camera.core.ImageAnalysis.Builder setBackpressureStrategy(int) 0">
    <annotation name="androidx.annotation.IntDef">
      <val name="value" val="{androidx.camera.core.ImageAnalysis.STRATEGY_KEEP_ONLY_LATEST, androidx.camera.core.ImageAnalysis.STRATEGY_BLOCK_PRODUCER}" />
    </annotation>
  </item>
  <item name="androidx.camera.core.ImageAnalysis.Builder androidx.camera.core.ImageAnalysis.Builder setMirrorMode(int) 0">
    <annotation name="androidx.annotation.IntDef">
      <val name="value" val="{androidx.camera.core.MirrorMode.MIRROR_MODE_OFF, androidx.camera.core.MirrorMode.MIRROR_MODE_ON, androidx.camera.core.MirrorMode.MIRROR_MODE_ON_FRONT_ONLY}" />
    </annotation>
  </item>
  <item name="androidx.camera.core.ImageAnalysis.Builder androidx.camera.core.ImageAnalysis.Builder setOutputImageFormat(int) 0">
    <annotation name="androidx.annotation.IntDef">
      <val name="value" val="{androidx.camera.core.ImageAnalysis.OUTPUT_IMAGE_FORMAT_YUV_420_888, androidx.camera.core.ImageAnalysis.OUTPUT_IMAGE_FORMAT_RGBA_8888}" />
    </annotation>
  </item>
  <item name="androidx.camera.core.ImageAnalysis.Builder androidx.camera.core.ImageAnalysis.Builder setTargetAspectRatio(int) 0">
    <annotation name="androidx.annotation.IntDef">
      <val name="value" val="{androidx.camera.core.AspectRatio.RATIO_DEFAULT, androidx.camera.core.AspectRatio.RATIO_4_3, androidx.camera.core.AspectRatio.RATIO_16_9}" />
    </annotation>
  </item>
  <item name="androidx.camera.core.ImageAnalysis.Builder androidx.camera.core.ImageAnalysis.Builder setTargetRotation(int) 0">
    <annotation name="androidx.annotation.IntDef">
      <val name="value" val="{android.view.Surface.ROTATION_0, android.view.Surface.ROTATION_90, android.view.Surface.ROTATION_180, android.view.Surface.ROTATION_270}" />
    </annotation>
  </item>
  <item name="androidx.camera.core.ImageAnalysis.OutputImageFormat">
    <annotation name="androidx.annotation.IntDef">
      <val name="value" val="{androidx.camera.core.ImageAnalysis.OUTPUT_IMAGE_FORMAT_YUV_420_888, androidx.camera.core.ImageAnalysis.OUTPUT_IMAGE_FORMAT_RGBA_8888}" />
    </annotation>
  </item>
  <item name="androidx.camera.core.ImageAnalysisAbstractAnalyzer mOutputImageFormat">
    <annotation name="androidx.annotation.IntDef">
      <val name="value" val="{androidx.camera.core.ImageAnalysis.OUTPUT_IMAGE_FORMAT_YUV_420_888, androidx.camera.core.ImageAnalysis.OUTPUT_IMAGE_FORMAT_RGBA_8888}" />
    </annotation>
  </item>
  <item name="androidx.camera.core.ImageAnalysisAbstractAnalyzer void setOutputImageFormat(int) 0">
    <annotation name="androidx.annotation.IntDef">
      <val name="value" val="{androidx.camera.core.ImageAnalysis.OUTPUT_IMAGE_FORMAT_YUV_420_888, androidx.camera.core.ImageAnalysis.OUTPUT_IMAGE_FORMAT_RGBA_8888}" />
    </annotation>
  </item>
  <item name="androidx.camera.core.ImageCapture DEFAULT_CAPTURE_MODE">
    <annotation name="androidx.annotation.IntDef">
      <val name="value" val="{androidx.camera.core.ImageCapture.CAPTURE_MODE_MAXIMIZE_QUALITY, androidx.camera.core.ImageCapture.CAPTURE_MODE_MINIMIZE_LATENCY, androidx.camera.core.ImageCapture.CAPTURE_MODE_ZERO_SHUTTER_LAG}" />
    </annotation>
  </item>
  <item name="androidx.camera.core.ImageCapture DEFAULT_FLASH_MODE">
    <annotation name="androidx.annotation.IntDef">
      <val name="value" val="{androidx.camera.core.ImageCapture.FLASH_MODE_UNKNOWN, androidx.camera.core.ImageCapture.FLASH_MODE_AUTO, androidx.camera.core.ImageCapture.FLASH_MODE_ON, androidx.camera.core.ImageCapture.FLASH_MODE_OFF}" />
    </annotation>
  </item>
  <item name="androidx.camera.core.ImageCapture int getCaptureMode()">
    <annotation name="androidx.annotation.IntDef">
      <val name="value" val="{androidx.camera.core.ImageCapture.CAPTURE_MODE_MAXIMIZE_QUALITY, androidx.camera.core.ImageCapture.CAPTURE_MODE_MINIMIZE_LATENCY, androidx.camera.core.ImageCapture.CAPTURE_MODE_ZERO_SHUTTER_LAG}" />
    </annotation>
  </item>
  <item name="androidx.camera.core.ImageCapture int getError(java.lang.Throwable)">
    <annotation name="androidx.annotation.IntDef">
      <val name="value" val="{androidx.camera.core.ImageCapture.ERROR_UNKNOWN, androidx.camera.core.ImageCapture.ERROR_FILE_IO, androidx.camera.core.ImageCapture.ERROR_CAPTURE_FAILED, androidx.camera.core.ImageCapture.ERROR_CAMERA_CLOSED, androidx.camera.core.ImageCapture.ERROR_INVALID_CAMERA}" />
    </annotation>
  </item>
  <item name="androidx.camera.core.ImageCapture int getFlashMode()">
    <annotation name="androidx.annotation.IntDef">
      <val name="value" val="{androidx.camera.core.ImageCapture.FLASH_MODE_UNKNOWN, androidx.camera.core.ImageCapture.FLASH_MODE_AUTO, androidx.camera.core.ImageCapture.FLASH_MODE_ON, androidx.camera.core.ImageCapture.FLASH_MODE_OFF}" />
    </annotation>
  </item>
  <item name="androidx.camera.core.ImageCapture int getTargetRotation()">
    <annotation name="androidx.annotation.IntDef">
      <val name="value" val="{android.view.Surface.ROTATION_0, android.view.Surface.ROTATION_90, android.view.Surface.ROTATION_180, android.view.Surface.ROTATION_270}" />
    </annotation>
  </item>
  <item name="androidx.camera.core.ImageCapture mCaptureMode">
    <annotation name="androidx.annotation.IntDef">
      <val name="value" val="{androidx.camera.core.ImageCapture.CAPTURE_MODE_MAXIMIZE_QUALITY, androidx.camera.core.ImageCapture.CAPTURE_MODE_MINIMIZE_LATENCY, androidx.camera.core.ImageCapture.CAPTURE_MODE_ZERO_SHUTTER_LAG}" />
    </annotation>
  </item>
  <item name="androidx.camera.core.ImageCapture mFlashMode">
    <annotation name="androidx.annotation.IntDef">
      <val name="value" val="{androidx.camera.core.ImageCapture.FLASH_MODE_UNKNOWN, androidx.camera.core.ImageCapture.FLASH_MODE_AUTO, androidx.camera.core.ImageCapture.FLASH_MODE_ON, androidx.camera.core.ImageCapture.FLASH_MODE_OFF}" />
    </annotation>
  </item>
  <item name="androidx.camera.core.ImageCapture mFlashType">
    <annotation name="androidx.annotation.IntDef">
      <val name="value" val="{androidx.camera.core.ImageCapture.FLASH_TYPE_ONE_SHOT_FLASH, androidx.camera.core.ImageCapture.FLASH_TYPE_USE_TORCH_AS_FLASH}" />
    </annotation>
  </item>
  <item name="androidx.camera.core.ImageCapture void setFlashMode(int) 0">
    <annotation name="androidx.annotation.IntDef">
      <val name="value" val="{androidx.camera.core.ImageCapture.FLASH_MODE_UNKNOWN, androidx.camera.core.ImageCapture.FLASH_MODE_AUTO, androidx.camera.core.ImageCapture.FLASH_MODE_ON, androidx.camera.core.ImageCapture.FLASH_MODE_OFF}" />
    </annotation>
  </item>
  <item name="androidx.camera.core.ImageCapture void setTargetRotation(int) 0">
    <annotation name="androidx.annotation.IntDef">
      <val name="value" val="{android.view.Surface.ROTATION_0, android.view.Surface.ROTATION_90, android.view.Surface.ROTATION_180, android.view.Surface.ROTATION_270}" />
    </annotation>
  </item>
  <item name="androidx.camera.core.ImageCapture.Builder androidx.camera.core.ImageCapture.Builder setCaptureMode(int) 0">
    <annotation name="androidx.annotation.IntDef">
      <val name="value" val="{androidx.camera.core.ImageCapture.CAPTURE_MODE_MAXIMIZE_QUALITY, androidx.camera.core.ImageCapture.CAPTURE_MODE_MINIMIZE_LATENCY, androidx.camera.core.ImageCapture.CAPTURE_MODE_ZERO_SHUTTER_LAG}" />
    </annotation>
  </item>
  <item name="androidx.camera.core.ImageCapture.Builder androidx.camera.core.ImageCapture.Builder setFlashMode(int) 0">
    <annotation name="androidx.annotation.IntDef">
      <val name="value" val="{androidx.camera.core.ImageCapture.FLASH_MODE_UNKNOWN, androidx.camera.core.ImageCapture.FLASH_MODE_AUTO, androidx.camera.core.ImageCapture.FLASH_MODE_ON, androidx.camera.core.ImageCapture.FLASH_MODE_OFF}" />
    </annotation>
  </item>
  <item name="androidx.camera.core.ImageCapture.Builder androidx.camera.core.ImageCapture.Builder setFlashType(int) 0">
    <annotation name="androidx.annotation.IntDef">
      <val name="value" val="{androidx.camera.core.ImageCapture.FLASH_TYPE_ONE_SHOT_FLASH, androidx.camera.core.ImageCapture.FLASH_TYPE_USE_TORCH_AS_FLASH}" />
    </annotation>
  </item>
  <item name="androidx.camera.core.ImageCapture.Builder androidx.camera.core.ImageCapture.Builder setMirrorMode(int) 0">
    <annotation name="androidx.annotation.IntDef">
      <val name="value" val="{androidx.camera.core.MirrorMode.MIRROR_MODE_OFF, androidx.camera.core.MirrorMode.MIRROR_MODE_ON, androidx.camera.core.MirrorMode.MIRROR_MODE_ON_FRONT_ONLY}" />
    </annotation>
  </item>
  <item name="androidx.camera.core.ImageCapture.Builder androidx.camera.core.ImageCapture.Builder setTargetAspectRatio(int) 0">
    <annotation name="androidx.annotation.IntDef">
      <val name="value" val="{androidx.camera.core.AspectRatio.RATIO_DEFAULT, androidx.camera.core.AspectRatio.RATIO_4_3, androidx.camera.core.AspectRatio.RATIO_16_9}" />
    </annotation>
  </item>
  <item name="androidx.camera.core.ImageCapture.Builder androidx.camera.core.ImageCapture.Builder setTargetRotation(int) 0">
    <annotation name="androidx.annotation.IntDef">
      <val name="value" val="{android.view.Surface.ROTATION_0, android.view.Surface.ROTATION_90, android.view.Surface.ROTATION_180, android.view.Surface.ROTATION_270}" />
    </annotation>
  </item>
  <item name="androidx.camera.core.ImageCapture.CaptureMode">
    <annotation name="androidx.annotation.IntDef">
      <val name="value" val="{androidx.camera.core.ImageCapture.CAPTURE_MODE_MAXIMIZE_QUALITY, androidx.camera.core.ImageCapture.CAPTURE_MODE_MINIMIZE_LATENCY, androidx.camera.core.ImageCapture.CAPTURE_MODE_ZERO_SHUTTER_LAG}" />
    </annotation>
  </item>
  <item name="androidx.camera.core.ImageCapture.FlashMode">
    <annotation name="androidx.annotation.IntDef">
      <val name="value" val="{androidx.camera.core.ImageCapture.FLASH_MODE_UNKNOWN, androidx.camera.core.ImageCapture.FLASH_MODE_AUTO, androidx.camera.core.ImageCapture.FLASH_MODE_ON, androidx.camera.core.ImageCapture.FLASH_MODE_OFF}" />
    </annotation>
  </item>
  <item name="androidx.camera.core.ImageCapture.FlashType">
    <annotation name="androidx.annotation.IntDef">
      <val name="value" val="{androidx.camera.core.ImageCapture.FLASH_TYPE_ONE_SHOT_FLASH, androidx.camera.core.ImageCapture.FLASH_TYPE_USE_TORCH_AS_FLASH}" />
    </annotation>
  </item>
  <item name="androidx.camera.core.ImageCapture.ImageCaptureError">
    <annotation name="androidx.annotation.IntDef">
      <val name="value" val="{androidx.camera.core.ImageCapture.ERROR_UNKNOWN, androidx.camera.core.ImageCapture.ERROR_FILE_IO, androidx.camera.core.ImageCapture.ERROR_CAPTURE_FAILED, androidx.camera.core.ImageCapture.ERROR_CAMERA_CLOSED, androidx.camera.core.ImageCapture.ERROR_INVALID_CAMERA}" />
    </annotation>
  </item>
  <item name="androidx.camera.core.ImageCapture.ImageCaptureRequest ImageCaptureRequest(int, int, android.util.Rational, android.graphics.Rect, android.graphics.Matrix, java.util.concurrent.Executor, androidx.camera.core.ImageCapture.OnImageCapturedCallback) 0">
    <annotation name="androidx.annotation.IntDef">
      <val name="value" val="{android.view.Surface.ROTATION_0, android.view.Surface.ROTATION_90, android.view.Surface.ROTATION_180, android.view.Surface.ROTATION_270}" />
    </annotation>
  </item>
  <item name="androidx.camera.core.ImageCapture.ImageCaptureRequest mRotationDegrees">
    <annotation name="androidx.annotation.IntDef">
      <val name="value" val="{android.view.Surface.ROTATION_0, android.view.Surface.ROTATION_90, android.view.Surface.ROTATION_180, android.view.Surface.ROTATION_270}" />
    </annotation>
  </item>
  <item name="androidx.camera.core.ImageCapture.ImageCaptureRequest void notifyCallbackError(int, java.lang.String, java.lang.Throwable) 0">
    <annotation name="androidx.annotation.IntDef">
      <val name="value" val="{androidx.camera.core.ImageCapture.ERROR_UNKNOWN, androidx.camera.core.ImageCapture.ERROR_FILE_IO, androidx.camera.core.ImageCapture.ERROR_CAPTURE_FAILED, androidx.camera.core.ImageCapture.ERROR_CAMERA_CLOSED, androidx.camera.core.ImageCapture.ERROR_INVALID_CAMERA}" />
    </annotation>
  </item>
  <item name="androidx.camera.core.ImageCaptureException ImageCaptureException(int, java.lang.String, java.lang.Throwable) 0">
    <annotation name="androidx.annotation.IntDef">
      <val name="value" val="{androidx.camera.core.ImageCapture.ERROR_UNKNOWN, androidx.camera.core.ImageCapture.ERROR_FILE_IO, androidx.camera.core.ImageCapture.ERROR_CAPTURE_FAILED, androidx.camera.core.ImageCapture.ERROR_CAMERA_CLOSED, androidx.camera.core.ImageCapture.ERROR_INVALID_CAMERA}" />
    </annotation>
  </item>
  <item name="androidx.camera.core.ImageCaptureException int getImageCaptureError()">
    <annotation name="androidx.annotation.IntDef">
      <val name="value" val="{androidx.camera.core.ImageCapture.ERROR_UNKNOWN, androidx.camera.core.ImageCapture.ERROR_FILE_IO, androidx.camera.core.ImageCapture.ERROR_CAPTURE_FAILED, androidx.camera.core.ImageCapture.ERROR_CAMERA_CLOSED, androidx.camera.core.ImageCapture.ERROR_INVALID_CAMERA}" />
    </annotation>
  </item>
  <item name="androidx.camera.core.ImageCaptureException mImageCaptureError">
    <annotation name="androidx.annotation.IntDef">
      <val name="value" val="{androidx.camera.core.ImageCapture.ERROR_UNKNOWN, androidx.camera.core.ImageCapture.ERROR_FILE_IO, androidx.camera.core.ImageCapture.ERROR_CAPTURE_FAILED, androidx.camera.core.ImageCapture.ERROR_CAMERA_CLOSED, androidx.camera.core.ImageCapture.ERROR_INVALID_CAMERA}" />
    </annotation>
  </item>
  <item name="androidx.camera.core.ImageProcessingUtil androidx.camera.core.ImageProcessingUtil.Result convertYUVToRGBInternal(androidx.camera.core.ImageProxy, android.view.Surface, java.nio.ByteBuffer, int, boolean) 3">
    <annotation name="androidx.annotation.IntDef">
      <val name="value" val="{0, 90, 180, 270}" />
    </annotation>
  </item>
  <item name="androidx.camera.core.ImageProcessingUtil androidx.camera.core.ImageProcessingUtil.Result rotateYUVInternal(androidx.camera.core.ImageProxy, android.media.ImageWriter, java.nio.ByteBuffer, java.nio.ByteBuffer, java.nio.ByteBuffer, int) 5">
    <annotation name="androidx.annotation.IntDef">
      <val name="value" val="{0, 90, 180, 270}" />
    </annotation>
  </item>
  <item name="androidx.camera.core.ImageProcessingUtil boolean convertYuvToJpegBytesIntoSurface(androidx.camera.core.ImageProxy, int, int, android.view.Surface) 2">
    <annotation name="androidx.annotation.IntDef">
      <val name="value" val="{0, 90, 180, 270}" />
    </annotation>
  </item>
  <item name="androidx.camera.core.ImageProcessingUtil int nativeConvertAndroid420ToABGR(java.nio.ByteBuffer, int, java.nio.ByteBuffer, int, java.nio.ByteBuffer, int, int, int, android.view.Surface, java.nio.ByteBuffer, int, int, int, int, int, int) 15">
    <annotation name="androidx.annotation.IntDef">
      <val name="value" val="{0, 90, 180, 270}" />
    </annotation>
  </item>
  <item name="androidx.camera.core.ImageProcessingUtil int nativeRotateYUV(java.nio.ByteBuffer, int, java.nio.ByteBuffer, int, java.nio.ByteBuffer, int, int, java.nio.ByteBuffer, int, int, java.nio.ByteBuffer, int, int, java.nio.ByteBuffer, int, int, java.nio.ByteBuffer, java.nio.ByteBuffer, java.nio.ByteBuffer, int, int, int) 21">
    <annotation name="androidx.annotation.IntDef">
      <val name="value" val="{0, 90, 180, 270}" />
    </annotation>
  </item>
  <item name="androidx.camera.core.ImageProcessor.OutputFormats">
    <annotation name="androidx.annotation.IntDef">
      <val name="value" val="{android.graphics.PixelFormat.RGBA_8888}" />
    </annotation>
  </item>
  <item name="androidx.camera.core.ImageProcessor.Request int getOutputFormat()">
    <annotation name="androidx.annotation.IntDef">
      <val name="value" val="{android.graphics.PixelFormat.RGBA_8888}" />
    </annotation>
  </item>
  <item name="androidx.camera.core.MirrorMode.Mirror">
    <annotation name="androidx.annotation.IntDef">
      <val name="value" val="{androidx.camera.core.MirrorMode.MIRROR_MODE_OFF, androidx.camera.core.MirrorMode.MIRROR_MODE_ON, androidx.camera.core.MirrorMode.MIRROR_MODE_ON_FRONT_ONLY}" />
    </annotation>
  </item>
  <item name="androidx.camera.core.Preview int getTargetRotation()">
    <annotation name="androidx.annotation.IntDef">
      <val name="value" val="{android.view.Surface.ROTATION_0, android.view.Surface.ROTATION_90, android.view.Surface.ROTATION_180, android.view.Surface.ROTATION_270}" />
    </annotation>
  </item>
  <item name="androidx.camera.core.Preview void setTargetRotation(int) 0">
    <annotation name="androidx.annotation.IntDef">
      <val name="value" val="{android.view.Surface.ROTATION_0, android.view.Surface.ROTATION_90, android.view.Surface.ROTATION_180, android.view.Surface.ROTATION_270}" />
    </annotation>
  </item>
  <item name="androidx.camera.core.Preview.Builder androidx.camera.core.Preview.Builder setMirrorMode(int) 0">
    <annotation name="androidx.annotation.IntDef">
      <val name="value" val="{androidx.camera.core.MirrorMode.MIRROR_MODE_OFF, androidx.camera.core.MirrorMode.MIRROR_MODE_ON, androidx.camera.core.MirrorMode.MIRROR_MODE_ON_FRONT_ONLY}" />
    </annotation>
  </item>
  <item name="androidx.camera.core.Preview.Builder androidx.camera.core.Preview.Builder setTargetAspectRatio(int) 0">
    <annotation name="androidx.annotation.IntDef">
      <val name="value" val="{androidx.camera.core.AspectRatio.RATIO_DEFAULT, androidx.camera.core.AspectRatio.RATIO_4_3, androidx.camera.core.AspectRatio.RATIO_16_9}" />
    </annotation>
  </item>
  <item name="androidx.camera.core.Preview.Builder androidx.camera.core.Preview.Builder setTargetRotation(int) 0">
    <annotation name="androidx.annotation.IntDef">
      <val name="value" val="{android.view.Surface.ROTATION_0, android.view.Surface.ROTATION_90, android.view.Surface.ROTATION_180, android.view.Surface.ROTATION_270}" />
    </annotation>
  </item>
  <item name="androidx.camera.core.ResolutionInfo ResolutionInfo(android.util.Size, android.graphics.Rect, int) 2">
    <annotation name="androidx.annotation.IntDef">
      <val name="value" val="{0, 90, 180, 270}" />
    </annotation>
  </item>
  <item name="androidx.camera.core.ResolutionInfo int getRotationDegrees()">
    <annotation name="androidx.annotation.IntDef">
      <val name="value" val="{0, 90, 180, 270}" />
    </annotation>
  </item>
  <item name="androidx.camera.core.ResolutionInfo.ResolutionInfoInternal int getRotationDegrees()">
    <annotation name="androidx.annotation.IntDef">
      <val name="value" val="{0, 90, 180, 270}" />
    </annotation>
  </item>
  <item name="androidx.camera.core.ResolutionInfo.ResolutionInfoInternal.Builder androidx.camera.core.ResolutionInfo.ResolutionInfoInternal.Builder setRotationDegrees(int) 0">
    <annotation name="androidx.annotation.IntDef">
      <val name="value" val="{0, 90, 180, 270}" />
    </annotation>
  </item>
  <item name="androidx.camera.core.SurfaceOutput int getFormat()">
    <annotation name="androidx.annotation.IntDef">
      <val name="flag" val="true" />
      <val name="value" val="{androidx.camera.core.impl.ImageFormatConstants.INTERNAL_DEFINED_IMAGE_FORMAT_PRIVATE, android.graphics.ImageFormat.JPEG}" />
    </annotation>
  </item>
  <item name="androidx.camera.core.SurfaceOutput int getTargets()">
    <annotation name="androidx.annotation.IntDef">
      <val name="flag" val="true" />
      <val name="value" val="{androidx.camera.core.CameraEffect.PREVIEW, androidx.camera.core.CameraEffect.VIDEO_CAPTURE, androidx.camera.core.CameraEffect.IMAGE_CAPTURE}" />
    </annotation>
  </item>
  <item name="androidx.camera.core.SurfaceOutput.Event androidx.camera.core.SurfaceOutput.Event of(int, androidx.camera.core.SurfaceOutput) 0">
    <annotation name="androidx.annotation.IntDef">
      <val name="value" val="{androidx.camera.core.SurfaceOutput.Event.EVENT_REQUEST_CLOSE}" />
    </annotation>
  </item>
  <item name="androidx.camera.core.SurfaceOutput.Event int getEventCode()">
    <annotation name="androidx.annotation.IntDef">
      <val name="value" val="{androidx.camera.core.SurfaceOutput.Event.EVENT_REQUEST_CLOSE}" />
    </annotation>
  </item>
  <item name="androidx.camera.core.SurfaceOutput.Event.EventCode">
    <annotation name="androidx.annotation.IntDef">
      <val name="value" val="{androidx.camera.core.SurfaceOutput.Event.EVENT_REQUEST_CLOSE}" />
    </annotation>
  </item>
  <item name="androidx.camera.core.SurfaceRequest.Result androidx.camera.core.SurfaceRequest.Result of(int, android.view.Surface) 0">
    <annotation name="androidx.annotation.IntDef">
      <val name="value" val="{androidx.camera.core.SurfaceRequest.Result.RESULT_SURFACE_USED_SUCCESSFULLY, androidx.camera.core.SurfaceRequest.Result.RESULT_REQUEST_CANCELLED, androidx.camera.core.SurfaceRequest.Result.RESULT_INVALID_SURFACE, androidx.camera.core.SurfaceRequest.Result.RESULT_SURFACE_ALREADY_PROVIDED, androidx.camera.core.SurfaceRequest.Result.RESULT_WILL_NOT_PROVIDE_SURFACE}" />
    </annotation>
  </item>
  <item name="androidx.camera.core.SurfaceRequest.Result int getResultCode()">
    <annotation name="androidx.annotation.IntDef">
      <val name="value" val="{androidx.camera.core.SurfaceRequest.Result.RESULT_SURFACE_USED_SUCCESSFULLY, androidx.camera.core.SurfaceRequest.Result.RESULT_REQUEST_CANCELLED, androidx.camera.core.SurfaceRequest.Result.RESULT_INVALID_SURFACE, androidx.camera.core.SurfaceRequest.Result.RESULT_SURFACE_ALREADY_PROVIDED, androidx.camera.core.SurfaceRequest.Result.RESULT_WILL_NOT_PROVIDE_SURFACE}" />
    </annotation>
  </item>
  <item name="androidx.camera.core.SurfaceRequest.Result.ResultCode">
    <annotation name="androidx.annotation.IntDef">
      <val name="value" val="{androidx.camera.core.SurfaceRequest.Result.RESULT_SURFACE_USED_SUCCESSFULLY, androidx.camera.core.SurfaceRequest.Result.RESULT_REQUEST_CANCELLED, androidx.camera.core.SurfaceRequest.Result.RESULT_INVALID_SURFACE, androidx.camera.core.SurfaceRequest.Result.RESULT_SURFACE_ALREADY_PROVIDED, androidx.camera.core.SurfaceRequest.Result.RESULT_WILL_NOT_PROVIDE_SURFACE}" />
    </annotation>
  </item>
  <item name="androidx.camera.core.SurfaceRequest.TransformationInfo androidx.camera.core.SurfaceRequest.TransformationInfo of(android.graphics.Rect, int, int, boolean, android.graphics.Matrix, boolean) 1">
    <annotation name="androidx.annotation.IntDef">
      <val name="value" val="{0, 90, 180, 270}" />
    </annotation>
  </item>
  <item name="androidx.camera.core.SurfaceRequest.TransformationInfo androidx.camera.core.SurfaceRequest.TransformationInfo of(android.graphics.Rect, int, int, boolean, android.graphics.Matrix, boolean) 2">
    <annotation name="androidx.annotation.IntDef">
      <val name="value" val="{androidx.camera.core.impl.ImageOutputConfig.ROTATION_NOT_SPECIFIED, android.view.Surface.ROTATION_0, android.view.Surface.ROTATION_90, android.view.Surface.ROTATION_180, android.view.Surface.ROTATION_270}" />
    </annotation>
  </item>
  <item name="androidx.camera.core.SurfaceRequest.TransformationInfo int getRotationDegrees()">
    <annotation name="androidx.annotation.IntDef">
      <val name="value" val="{0, 90, 180, 270}" />
    </annotation>
  </item>
  <item name="androidx.camera.core.SurfaceRequest.TransformationInfo int getTargetRotation()">
    <annotation name="androidx.annotation.IntDef">
      <val name="value" val="{androidx.camera.core.impl.ImageOutputConfig.ROTATION_NOT_SPECIFIED, android.view.Surface.ROTATION_0, android.view.Surface.ROTATION_90, android.view.Surface.ROTATION_180, android.view.Surface.ROTATION_270}" />
    </annotation>
  </item>
  <item name="androidx.camera.core.TorchState.State">
    <annotation name="androidx.annotation.IntDef">
      <val name="value" val="{androidx.camera.core.TorchState.OFF, androidx.camera.core.TorchState.ON}" />
    </annotation>
  </item>
  <item name="androidx.camera.core.UseCase boolean isEffectTargetsSupported(int) 0">
    <annotation name="androidx.annotation.IntDef">
      <val name="flag" val="true" />
      <val name="value" val="{androidx.camera.core.CameraEffect.PREVIEW, androidx.camera.core.CameraEffect.VIDEO_CAPTURE, androidx.camera.core.CameraEffect.IMAGE_CAPTURE}" />
    </annotation>
  </item>
  <item name="androidx.camera.core.UseCase boolean setTargetRotationInternal(int) 0">
    <annotation name="androidx.annotation.IntDef">
      <val name="value" val="{android.view.Surface.ROTATION_0, android.view.Surface.ROTATION_90, android.view.Surface.ROTATION_180, android.view.Surface.ROTATION_270}" />
    </annotation>
  </item>
  <item name="androidx.camera.core.UseCase int getAppTargetRotation()">
    <annotation name="androidx.annotation.IntDef">
      <val name="value" val="{androidx.camera.core.impl.ImageOutputConfig.ROTATION_NOT_SPECIFIED, android.view.Surface.ROTATION_0, android.view.Surface.ROTATION_90, android.view.Surface.ROTATION_180, android.view.Surface.ROTATION_270}" />
    </annotation>
  </item>
  <item name="androidx.camera.core.UseCase int getMirrorModeInternal()">
    <annotation name="androidx.annotation.IntDef">
      <val name="value" val="{androidx.camera.core.MirrorMode.MIRROR_MODE_OFF, androidx.camera.core.MirrorMode.MIRROR_MODE_ON, androidx.camera.core.MirrorMode.MIRROR_MODE_ON_FRONT_ONLY}" />
    </annotation>
  </item>
  <item name="androidx.camera.core.UseCase int getTargetRotationInternal()">
    <annotation name="androidx.annotation.IntDef">
      <val name="value" val="{android.view.Surface.ROTATION_0, android.view.Surface.ROTATION_90, android.view.Surface.ROTATION_180, android.view.Surface.ROTATION_270}" />
    </annotation>
  </item>
  <item name="androidx.camera.core.UseCase int snapToSurfaceRotation(int)">
    <annotation name="androidx.annotation.IntDef">
      <val name="value" val="{android.view.Surface.ROTATION_0, android.view.Surface.ROTATION_90, android.view.Surface.ROTATION_180, android.view.Surface.ROTATION_270}" />
    </annotation>
  </item>
  <item name="androidx.camera.core.ViewPort ViewPort(int, android.util.Rational, int, int) 0">
    <annotation name="androidx.annotation.IntDef">
      <val name="value" val="{androidx.camera.core.ViewPort.FILL_START, androidx.camera.core.ViewPort.FILL_CENTER, androidx.camera.core.ViewPort.FILL_END, androidx.camera.core.ViewPort.FIT}" />
    </annotation>
  </item>
  <item name="androidx.camera.core.ViewPort ViewPort(int, android.util.Rational, int, int) 2">
    <annotation name="androidx.annotation.IntDef">
      <val name="value" val="{android.view.Surface.ROTATION_0, android.view.Surface.ROTATION_90, android.view.Surface.ROTATION_180, android.view.Surface.ROTATION_270}" />
    </annotation>
  </item>
  <item name="androidx.camera.core.ViewPort ViewPort(int, android.util.Rational, int, int) 3">
    <annotation name="androidx.annotation.IntDef">
      <val name="value" val="{android.util.LayoutDirection.LTR, android.util.LayoutDirection.RTL}" />
    </annotation>
  </item>
  <item name="androidx.camera.core.ViewPort int getLayoutDirection()">
    <annotation name="androidx.annotation.IntDef">
      <val name="value" val="{android.util.LayoutDirection.LTR, android.util.LayoutDirection.RTL}" />
    </annotation>
  </item>
  <item name="androidx.camera.core.ViewPort int getRotation()">
    <annotation name="androidx.annotation.IntDef">
      <val name="value" val="{android.view.Surface.ROTATION_0, android.view.Surface.ROTATION_90, android.view.Surface.ROTATION_180, android.view.Surface.ROTATION_270}" />
    </annotation>
  </item>
  <item name="androidx.camera.core.ViewPort int getScaleType()">
    <annotation name="androidx.annotation.IntDef">
      <val name="value" val="{androidx.camera.core.ViewPort.FILL_START, androidx.camera.core.ViewPort.FILL_CENTER, androidx.camera.core.ViewPort.FILL_END, androidx.camera.core.ViewPort.FIT}" />
    </annotation>
  </item>
  <item name="androidx.camera.core.ViewPort mLayoutDirection">
    <annotation name="androidx.annotation.IntDef">
      <val name="value" val="{android.util.LayoutDirection.LTR, android.util.LayoutDirection.RTL}" />
    </annotation>
  </item>
  <item name="androidx.camera.core.ViewPort mRotation">
    <annotation name="androidx.annotation.IntDef">
      <val name="value" val="{android.view.Surface.ROTATION_0, android.view.Surface.ROTATION_90, android.view.Surface.ROTATION_180, android.view.Surface.ROTATION_270}" />
    </annotation>
  </item>
  <item name="androidx.camera.core.ViewPort mScaleType">
    <annotation name="androidx.annotation.IntDef">
      <val name="value" val="{androidx.camera.core.ViewPort.FILL_START, androidx.camera.core.ViewPort.FILL_CENTER, androidx.camera.core.ViewPort.FILL_END, androidx.camera.core.ViewPort.FIT}" />
    </annotation>
  </item>
  <item name="androidx.camera.core.ViewPort.Builder Builder(android.util.Rational, int) 1">
    <annotation name="androidx.annotation.IntDef">
      <val name="value" val="{android.view.Surface.ROTATION_0, android.view.Surface.ROTATION_90, android.view.Surface.ROTATION_180, android.view.Surface.ROTATION_270}" />
    </annotation>
  </item>
  <item name="androidx.camera.core.ViewPort.Builder DEFAULT_SCALE_TYPE">
    <annotation name="androidx.annotation.IntDef">
      <val name="value" val="{androidx.camera.core.ViewPort.FILL_START, androidx.camera.core.ViewPort.FILL_CENTER, androidx.camera.core.ViewPort.FILL_END, androidx.camera.core.ViewPort.FIT}" />
    </annotation>
  </item>
  <item name="androidx.camera.core.ViewPort.Builder androidx.camera.core.ViewPort.Builder setLayoutDirection(int) 0">
    <annotation name="androidx.annotation.IntDef">
      <val name="value" val="{android.util.LayoutDirection.LTR, android.util.LayoutDirection.RTL}" />
    </annotation>
  </item>
  <item name="androidx.camera.core.ViewPort.Builder androidx.camera.core.ViewPort.Builder setScaleType(int) 0">
    <annotation name="androidx.annotation.IntDef">
      <val name="value" val="{androidx.camera.core.ViewPort.FILL_START, androidx.camera.core.ViewPort.FILL_CENTER, androidx.camera.core.ViewPort.FILL_END, androidx.camera.core.ViewPort.FIT}" />
    </annotation>
  </item>
  <item name="androidx.camera.core.ViewPort.Builder mLayoutDirection">
    <annotation name="androidx.annotation.IntDef">
      <val name="value" val="{android.util.LayoutDirection.LTR, android.util.LayoutDirection.RTL}" />
    </annotation>
  </item>
  <item name="androidx.camera.core.ViewPort.Builder mRotation">
    <annotation name="androidx.annotation.IntDef">
      <val name="value" val="{android.view.Surface.ROTATION_0, android.view.Surface.ROTATION_90, android.view.Surface.ROTATION_180, android.view.Surface.ROTATION_270}" />
    </annotation>
  </item>
  <item name="androidx.camera.core.ViewPort.Builder mScaleType">
    <annotation name="androidx.annotation.IntDef">
      <val name="value" val="{androidx.camera.core.ViewPort.FILL_START, androidx.camera.core.ViewPort.FILL_CENTER, androidx.camera.core.ViewPort.FILL_END, androidx.camera.core.ViewPort.FIT}" />
    </annotation>
  </item>
  <item name="androidx.camera.core.ViewPort.LayoutDirection">
    <annotation name="androidx.annotation.IntDef">
      <val name="value" val="{android.util.LayoutDirection.LTR, android.util.LayoutDirection.RTL}" />
    </annotation>
  </item>
  <item name="androidx.camera.core.ViewPort.ScaleType">
    <annotation name="androidx.annotation.IntDef">
      <val name="value" val="{androidx.camera.core.ViewPort.FILL_START, androidx.camera.core.ViewPort.FILL_CENTER, androidx.camera.core.ViewPort.FILL_END, androidx.camera.core.ViewPort.FIT}" />
    </annotation>
  </item>
</root>

